id;biller_code;name;pays;channel;email;telephone;status;address;logo;website;created_by;created_date;last_updated_by;last_updated_date;lock_number;biller_category;devise
1;override black;Lead;dynamic;black Avon Customer;Lewis84@yahoo.com;(042) 096-9625;input Engineer Pass;Skyway;../fake-data/blob/hipster.txt;Grass-roots bypass customer loyalty;55131;2020-03-17;2020-03-17;2020-03-17;37218;Avon;US Dollar 24/7
2;auxiliary Cloned interfaces;Flat Licensed deposit;Steel optical quantify;technologies monitor Investment Account;Jordy.Rice67@hotmail.com;(203) 608-9538 x34429;systems Re-engineered open-source;virtual Industrial;../fake-data/blob/hipster.txt;Communications deliverables;32662;2020-03-17;2020-03-17;2020-03-18;21266;Credit Card Account Shoes embrace;Gloves Gibraltar Pound
3;Court;SMTP Guatemala;whiteboard;Architect;Leola9@hotmail.com;364.764.2830 x665;gold quantifying black;Soap cyan;../fake-data/blob/hipster.txt;withdrawal tangible;37625;2020-03-17;2020-03-17;2020-03-18;75409;throughput;firewall Jersey port
4;Operations leverage;one-to-one Harbors;Indiana ivory;archive;Gordon_OConner@yahoo.com;475-875-9910 x210;Palestinian Territory;Chicken Metal;../fake-data/blob/hipster.txt;vortals Fully-configurable Mauritius Rupee;87842;2020-03-18;2020-03-18;2020-03-17;61835;installation Nakfa Borders;Cotton Licensed Wooden Cheese
5;structure;wireless driver port;Global;project Grenada;Pearlie35@yahoo.com;958.189.5135;Avon optical;bandwidth Saint Helena;../fake-data/blob/hipster.txt;architectures;93961;2020-03-18;2020-03-18;2020-03-18;41363;disintermediate;Credit Card Account Intelligent Wooden Sausages
6;Customer;Grocery multi-byte;non-volatile Parkways;Web;Jeremie_Howe38@hotmail.com;(378) 558-1691 x50755;platforms transparent Refined Steel Sausages;monetize index;../fake-data/blob/hipster.txt;Cambridgeshire back up capacity;77569;2020-03-17;2020-03-18;2020-03-17;29930;Configurable;Sleek Concrete Chicken Auto Loan Account Avon
7;Sleek Metal Computer;British Indian Ocean Territory (Chagos Archipelago);driver redundant Factors;white;Duncan.Tremblay84@yahoo.com;(090) 786-7378 x52027;Rwanda Franc quantifying seamless;Chips;../fake-data/blob/hipster.txt;e-commerce;45990;2020-03-17;2020-03-18;2020-03-18;98019;alarm Mississippi array;paradigm
8;Functionality;Infrastructure;embrace Fantastic Electronics;quantifying throughput;Granville.Parisian@yahoo.com;1-255-386-8196;Small Metrics Operations;navigating wireless;../fake-data/blob/hipster.txt;SCSI bluetooth Fundamental;76329;2020-03-17;2020-03-17;2020-03-17;16528;Metal;invoice Data
9;compressing open architecture;Bedfordshire;mint green Handmade driver;navigate;Rosina.Schimmel@yahoo.com;(514) 653-5079;invoice;Marketing optical;../fake-data/blob/hipster.txt;Factors Lead;15305;2020-03-17;2020-03-18;2020-03-17;94402;value-added Mountains;e-enable
10;haptic Trail back up;Supervisor;payment;Refined Rubber Chicken array;Markus.Sipes@hotmail.com;659.529.4705 x23931;Chief Pizza instruction set;Taka payment Handmade Cotton Shirt;../fake-data/blob/hipster.txt;TCP;25835;2020-03-18;2020-03-17;2020-03-18;88601;support;Wooden
