"filename", "language", "JSON", "Markdown", "XML", "Ignore", "Properties", "Batch", "HTML", "Java", "YAML", "Shell Script", "comment", "blank", "total"
"d:\BOA\Dev\jirama\.jhipster\BillerT.json", "JSON", 85, 0, 0, 0, 0, 0, 0, 0, 0, 0, 0, 1, 86
"d:\BOA\Dev\jirama\.jhipster\ParamFiliale.json", "JSON", 41, 0, 0, 0, 0, 0, 0, 0, 0, 0, 0, 1, 42
"d:\BOA\Dev\jirama\.jhipster\Tracking.json", "JSON", 48, 0, 0, 0, 0, 0, 0, 0, 0, 0, 0, 1, 49
"d:\BOA\Dev\jirama\.jhipster\TransactionGlobal.json", "JSON", 92, 0, 0, 0, 0, 0, 0, 0, 0, 0, 0, 1, 93
"d:\BOA\Dev\jirama\.mvn\wrapper\MavenWrapperDownloader.java", "Java", 0, 0, 0, 0, 0, 0, 0, 76, 0, 0, 31, 11, 118
"d:\BOA\Dev\jirama\.mvn\wrapper\maven-wrapper.properties", "Properties", 0, 0, 0, 0, 2, 0, 0, 0, 0, 0, 0, 1, 3
"d:\BOA\Dev\jirama\.prettierignore", "Ignore", 0, 0, 0, 4, 0, 0, 0, 0, 0, 0, 0, 1, 5
"d:\BOA\Dev\jirama\.prettierrc", "JSON", 9, 0, 0, 0, 0, 0, 0, 0, 0, 0, 0, 4, 13
"d:\BOA\Dev\jirama\.yo-rc.json", "JSON", 37, 0, 0, 0, 0, 0, 0, 0, 0, 0, 0, 1, 38
"d:\BOA\Dev\jirama\README.md", "Markdown", 0, 58, 0, 0, 0, 0, 0, 0, 0, 0, 0, 44, 102
"d:\BOA\Dev\jirama\checkstyle.xml", "XML", 0, 0, 12, 0, 0, 0, 0, 0, 0, 0, 8, 1, 21
"d:\BOA\Dev\jirama\mvnw.cmd", "Batch", 0, 0, 0, 0, 0, 96, 0, 0, 0, 0, 51, 36, 183
"d:\BOA\Dev\jirama\package-lock.json", "JSON", 7138, 0, 0, 0, 0, 0, 0, 0, 0, 0, 0, 1, 7139
"d:\BOA\Dev\jirama\package.json", "JSON", 17, 0, 0, 0, 0, 0, 0, 0, 0, 0, 0, 1, 18
"d:\BOA\Dev\jirama\pom.xml", "XML", 0, 0, 938, 0, 0, 0, 0, 0, 0, 0, 58, 11, 1007
"d:\BOA\Dev\jirama\sonar-project.properties", "Properties", 0, 0, 0, 0, 20, 0, 0, 0, 0, 0, 4, 5, 29
"d:\BOA\Dev\jirama\src\main\docker\app.yml", "YAML", 0, 0, 0, 0, 0, 0, 0, 0, 12, 0, 0, 1, 13
"d:\BOA\Dev\jirama\src\main\docker\grafana\provisioning\dashboards\JVM.json", "JSON", 3778, 0, 0, 0, 0, 0, 0, 0, 0, 0, 0, 1, 3779
"d:\BOA\Dev\jirama\src\main\docker\grafana\provisioning\dashboards\dashboard.yml", "YAML", 0, 0, 0, 0, 0, 0, 0, 0, 10, 0, 0, 2, 12
"d:\BOA\Dev\jirama\src\main\docker\grafana\provisioning\datasources\datasource.yml", "YAML", 0, 0, 0, 0, 0, 0, 0, 0, 28, 0, 20, 3, 51
"d:\BOA\Dev\jirama\src\main\docker\monitoring.yml", "YAML", 0, 0, 0, 0, 0, 0, 0, 0, 22, 0, 4, 1, 27
"d:\BOA\Dev\jirama\src\main\docker\prometheus\prometheus.yml", "YAML", 0, 0, 0, 0, 0, 0, 0, 0, 12, 0, 15, 5, 32
"d:\BOA\Dev\jirama\src\main\docker\sonar.yml", "YAML", 0, 0, 0, 0, 0, 0, 0, 0, 7, 0, 0, 1, 8
"d:\BOA\Dev\jirama\src\main\java\com\boa\api\ApplicationWebXml.java", "Java", 0, 0, 0, 0, 0, 0, 0, 11, 0, 0, 7, 5, 23
"d:\BOA\Dev\jirama\src\main\java\com\boa\api\JiramaApp.java", "Java", 0, 0, 0, 0, 0, 0, 0, 75, 0, 0, 12, 12, 99
"d:\BOA\Dev\jirama\src\main\java\com\boa\api\aop\logging\LoggingAspect.java", "Java", 0, 0, 0, 0, 0, 0, 0, 60, 0, 0, 26, 14, 100
"d:\BOA\Dev\jirama\src\main\java\com\boa\api\config\ApplicationProperties.java", "Java", 0, 0, 0, 0, 0, 0, 0, 12, 0, 0, 6, 7, 25
"d:\BOA\Dev\jirama\src\main\java\com\boa\api\config\AsyncConfiguration.java", "Java", 0, 0, 0, 0, 0, 0, 0, 39, 0, 0, 0, 9, 48
"d:\BOA\Dev\jirama\src\main\java\com\boa\api\config\CacheConfiguration.java", "Java", 0, 0, 0, 0, 0, 0, 0, 48, 0, 0, 1, 13, 62
"d:\BOA\Dev\jirama\src\main\java\com\boa\api\config\CloudDatabaseConfiguration.java", "Java", 0, 0, 0, 0, 0, 0, 0, 20, 0, 0, 0, 9, 29
"d:\BOA\Dev\jirama\src\main\java\com\boa\api\config\Constants.java", "Java", 0, 0, 0, 0, 0, 0, 0, 9, 0, 0, 4, 5, 18
"d:\BOA\Dev\jirama\src\main\java\com\boa\api\config\DatabaseConfiguration.java", "Java", 0, 0, 0, 0, 0, 0, 0, 16, 0, 0, 0, 6, 22
"d:\BOA\Dev\jirama\src\main\java\com\boa\api\config\DateTimeFormatConfiguration.java", "Java", 0, 0, 0, 0, 0, 0, 0, 14, 0, 0, 3, 4, 21
"d:\BOA\Dev\jirama\src\main\java\com\boa\api\config\JacksonConfiguration.java", "Java", 0, 0, 0, 0, 0, 0, 0, 36, 0, 0, 16, 10, 62
"d:\BOA\Dev\jirama\src\main\java\com\boa\api\config\LiquibaseConfiguration.java", "Java", 0, 0, 0, 0, 0, 0, 0, 50, 0, 0, 2, 9, 61
"d:\BOA\Dev\jirama\src\main\java\com\boa\api\config\LocaleConfiguration.java", "Java", 0, 0, 0, 0, 0, 0, 0, 22, 0, 0, 0, 6, 28
"d:\BOA\Dev\jirama\src\main\java\com\boa\api\config\LoggingAspectConfiguration.java", "Java", 0, 0, 0, 0, 0, 0, 0, 14, 0, 0, 0, 6, 20
"d:\BOA\Dev\jirama\src\main\java\com\boa\api\config\LoggingConfiguration.java", "Java", 0, 0, 0, 0, 0, 0, 0, 38, 0, 0, 3, 10, 51
"d:\BOA\Dev\jirama\src\main\java\com\boa\api\config\SecurityConfiguration.java", "Java", 0, 0, 0, 0, 0, 0, 0, 40, 0, 0, 51, 8, 99
"d:\BOA\Dev\jirama\src\main\java\com\boa\api\config\WebConfigurer.java", "Java", 0, 0, 0, 0, 0, 0, 0, 38, 0, 0, 11, 9, 58
"d:\BOA\Dev\jirama\src\main\java\com\boa\api\config\audit\AuditEventConverter.java", "Java", 0, 0, 0, 0, 0, 0, 0, 50, 0, 0, 26, 11, 87
"d:\BOA\Dev\jirama\src\main\java\com\boa\api\config\audit\package-info.java", "Java", 0, 0, 0, 0, 0, 0, 0, 1, 0, 0, 3, 1, 5
"d:\BOA\Dev\jirama\src\main\java\com\boa\api\config\package-info.java", "Java", 0, 0, 0, 0, 0, 0, 0, 1, 0, 0, 3, 1, 5
"d:\BOA\Dev\jirama\src\main\java\com\boa\api\domain\AbstractAuditingEntity.java", "Java", 0, 0, 0, 0, 0, 0, 0, 57, 0, 0, 4, 17, 78
"d:\BOA\Dev\jirama\src\main\java\com\boa\api\domain\Authority.java", "Java", 0, 0, 0, 0, 0, 0, 0, 48, 0, 0, 3, 10, 61
"d:\BOA\Dev\jirama\src\main\java\com\boa\api\domain\BillerT.java", "Java", 0, 0, 0, 0, 0, 0, 0, 265, 0, 0, 5, 79, 349
"d:\BOA\Dev\jirama\src\main\java\com\boa\api\domain\ParamFiliale.java", "Java", 0, 0, 0, 0, 0, 0, 0, 120, 0, 0, 5, 35, 160
"d:\BOA\Dev\jirama\src\main\java\com\boa\api\domain\PersistentAuditEvent.java", "Java", 0, 0, 0, 0, 0, 0, 0, 81, 0, 0, 5, 22, 108
"d:\BOA\Dev\jirama\src\main\java\com\boa\api\domain\Tracking.java", "Java", 0, 0, 0, 0, 0, 0, 0, 147, 0, 0, 5, 43, 195
"d:\BOA\Dev\jirama\src\main\java\com\boa\api\domain\TransactionGlobal.java", "Java", 0, 0, 0, 0, 0, 0, 0, 297, 0, 0, 5, 90, 392
"d:\BOA\Dev\jirama\src\main\java\com\boa\api\domain\User.java", "Java", 0, 0, 0, 0, 0, 0, 0, 180, 0, 0, 4, 48, 232
"d:\BOA\Dev\jirama\src\main\java\com\boa\api\domain\package-info.java", "Java", 0, 0, 0, 0, 0, 0, 0, 1, 0, 0, 3, 1, 5
"d:\BOA\Dev\jirama\src\main\java\com\boa\api\repository\AuthorityRepository.java", "Java", 0, 0, 0, 0, 0, 0, 0, 5, 0, 0, 3, 4, 12
"d:\BOA\Dev\jirama\src\main\java\com\boa\api\repository\BillerTRepository.java", "Java", 0, 0, 0, 0, 0, 0, 0, 10, 0, 0, 3, 5, 18
"d:\BOA\Dev\jirama\src\main\java\com\boa\api\repository\CustomAuditEventRepository.java", "Java", 0, 0, 0, 0, 0, 0, 0, 64, 0, 0, 9, 17, 90
"d:\BOA\Dev\jirama\src\main\java\com\boa\api\repository\ParamFilialeRepository.java", "Java", 0, 0, 0, 0, 0, 0, 0, 9, 0, 0, 3, 4, 16
"d:\BOA\Dev\jirama\src\main\java\com\boa\api\repository\PersistenceAuditEventRepository.java", "Java", 0, 0, 0, 0, 0, 0, 0, 13, 0, 0, 3, 8, 24
"d:\BOA\Dev\jirama\src\main\java\com\boa\api\repository\TrackingRepository.java", "Java", 0, 0, 0, 0, 0, 0, 0, 8, 0, 0, 3, 5, 16
"d:\BOA\Dev\jirama\src\main\java\com\boa\api\repository\TransactionGlobalRepository.java", "Java", 0, 0, 0, 0, 0, 0, 0, 8, 0, 0, 3, 5, 16
"d:\BOA\Dev\jirama\src\main\java\com\boa\api\repository\UserRepository.java", "Java", 0, 0, 0, 0, 0, 0, 0, 30, 0, 0, 3, 17, 50
"d:\BOA\Dev\jirama\src\main\java\com\boa\api\repository\package-info.java", "Java", 0, 0, 0, 0, 0, 0, 0, 1, 0, 0, 3, 1, 5
"d:\BOA\Dev\jirama\src\main\java\com\boa\api\request\BillerByCodeRequest.java", "Java", 0, 0, 0, 0, 0, 0, 0, 10, 0, 0, 3, 5, 18
"d:\BOA\Dev\jirama\src\main\java\com\boa\api\request\CheckBillPayementRequest.java", "Java", 0, 0, 0, 0, 0, 0, 0, 6, 0, 0, 3, 3, 12
"d:\BOA\Dev\jirama\src\main\java\com\boa\api\request\CheckCustomerRequest.java", "Java", 0, 0, 0, 0, 0, 0, 0, 40, 0, 0, 3, 12, 55
"d:\BOA\Dev\jirama\src\main\java\com\boa\api\request\CheckFactoryRequest.java", "Java", 0, 0, 0, 0, 0, 0, 0, 54, 0, 0, 0, 16, 70
"d:\BOA\Dev\jirama\src\main\java\com\boa\api\request\GetAccountRequest.java", "Java", 0, 0, 0, 0, 0, 0, 0, 23, 0, 0, 3, 10, 36
"d:\BOA\Dev\jirama\src\main\java\com\boa\api\request\GetBillFeesRequest.java", "Java", 0, 0, 0, 0, 0, 0, 0, 30, 0, 0, 3, 10, 43
"d:\BOA\Dev\jirama\src\main\java\com\boa\api\request\GetBillRequest.java", "Java", 0, 0, 0, 0, 0, 0, 0, 53, 0, 0, 3, 17, 73
"d:\BOA\Dev\jirama\src\main\java\com\boa\api\request\GetBillersRequest.java", "Java", 0, 0, 0, 0, 0, 0, 0, 18, 0, 0, 3, 7, 28
"d:\BOA\Dev\jirama\src\main\java\com\boa\api\request\GetBillsByNumRequest.java", "Java", 0, 0, 0, 0, 0, 0, 0, 53, 0, 0, 3, 17, 73
"d:\BOA\Dev\jirama\src\main\java\com\boa\api\request\GetBillsByRefJiramaReq.java", "Java", 0, 0, 0, 0, 0, 0, 0, 43, 0, 0, 0, 15, 58
"d:\BOA\Dev\jirama\src\main\java\com\boa\api\request\GetBillsByRefRequest.java", "Java", 0, 0, 0, 0, 0, 0, 0, 53, 0, 0, 3, 16, 72
"d:\BOA\Dev\jirama\src\main\java\com\boa\api\request\PayementRequest.java", "Java", 0, 0, 0, 0, 0, 0, 0, 89, 0, 0, 3, 27, 119
"d:\BOA\Dev\jirama\src\main\java\com\boa\api\request\PaymentReceiptRequest.java", "Java", 0, 0, 0, 0, 0, 0, 0, 30, 0, 0, 3, 11, 44
"d:\BOA\Dev\jirama\src\main\java\com\boa\api\request\RecuPaiementRequest.java", "Java", 0, 0, 0, 0, 0, 0, 0, 38, 0, 0, 10, 15, 63
"d:\BOA\Dev\jirama\src\main\java\com\boa\api\request\ResponseRequest.java", "Java", 0, 0, 0, 0, 0, 0, 0, 37, 0, 0, 3, 12, 52
"d:\BOA\Dev\jirama\src\main\java\com\boa\api\response\AnnulationPaiement.java", "Java", 0, 0, 0, 0, 0, 0, 0, 23, 0, 0, 3, 8, 34
"d:\BOA\Dev\jirama\src\main\java\com\boa\api\response\Biller.java", "Java", 0, 0, 0, 0, 0, 0, 0, 103, 0, 0, 4, 27, 134
"d:\BOA\Dev\jirama\src\main\java\com\boa\api\response\BillerByCodeResponse.java", "Java", 0, 0, 0, 0, 0, 0, 0, 111, 0, 0, 4, 30, 145
"d:\BOA\Dev\jirama\src\main\java\com\boa\api\response\CheckCustomerResponse.java", "Java", 0, 0, 0, 0, 0, 0, 0, 25, 0, 0, 3, 8, 36
"d:\BOA\Dev\jirama\src\main\java\com\boa\api\response\CheckFactoryResponse.java", "Java", 0, 0, 0, 0, 0, 0, 0, 82, 0, 0, 3, 26, 111
"d:\BOA\Dev\jirama\src\main\java\com\boa\api\response\ExceptionResponse.java", "Java", 0, 0, 0, 0, 0, 0, 0, 24, 0, 0, 3, 9, 36
"d:\BOA\Dev\jirama\src\main\java\com\boa\api\response\FactureDispoResponse.java", "Java", 0, 0, 0, 0, 0, 0, 0, 14, 0, 0, 3, 9, 26
"d:\BOA\Dev\jirama\src\main\java\com\boa\api\response\FacuresDispo.java", "Java", 0, 0, 0, 0, 0, 0, 0, 17, 0, 0, 0, 6, 23
"d:\BOA\Dev\jirama\src\main\java\com\boa\api\response\GenericResponse.java", "Java", 0, 0, 0, 0, 0, 0, 0, 25, 0, 0, 6, 8, 39
"d:\BOA\Dev\jirama\src\main\java\com\boa\api\response\GetAccountResponse.java", "Java", 0, 0, 0, 0, 0, 0, 0, 26, 0, 0, 3, 10, 39
"d:\BOA\Dev\jirama\src\main\java\com\boa\api\response\GetBillFeesResponse.java", "Java", 0, 0, 0, 0, 0, 0, 0, 18, 0, 0, 3, 6, 27
"d:\BOA\Dev\jirama\src\main\java\com\boa\api\response\GetBillersResponse.java", "Java", 0, 0, 0, 0, 0, 0, 0, 15, 0, 0, 3, 8, 26
"d:\BOA\Dev\jirama\src\main\java\com\boa\api\response\GetBillsByRefResponse.java", "Java", 0, 0, 0, 0, 0, 0, 0, 22, 0, 0, 3, 11, 36
"d:\BOA\Dev\jirama\src\main\java\com\boa\api\response\ItemResp.java", "Java", 0, 0, 0, 0, 0, 0, 0, 58, 0, 0, 3, 19, 80
"d:\BOA\Dev\jirama\src\main\java\com\boa\api\response\PaieMobile.java", "Java", 0, 0, 0, 0, 0, 0, 0, 23, 0, 0, 3, 8, 34
"d:\BOA\Dev\jirama\src\main\java\com\boa\api\response\PayementResponse.java", "Java", 0, 0, 0, 0, 0, 0, 0, 18, 0, 0, 3, 6, 27
"d:\BOA\Dev\jirama\src\main\java\com\boa\api\response\RecuPaiementResponse.java", "Java", 0, 0, 0, 0, 0, 0, 0, 26, 0, 0, 3, 10, 39
"d:\BOA\Dev\jirama\src\main\java\com\boa\api\response\ResponseResponse.java", "Java", 0, 0, 0, 0, 0, 0, 0, 25, 0, 0, 3, 10, 38
"d:\BOA\Dev\jirama\src\main\java\com\boa\api\security\AuthoritiesConstants.java", "Java", 0, 0, 0, 0, 0, 0, 0, 8, 0, 0, 3, 6, 17
"d:\BOA\Dev\jirama\src\main\java\com\boa\api\security\DomainUserDetailsService.java", "Java", 0, 0, 0, 0, 0, 0, 0, 48, 0, 0, 3, 12, 63
"d:\BOA\Dev\jirama\src\main\java\com\boa\api\security\SecurityUtils.java", "Java", 0, 0, 0, 0, 0, 0, 0, 45, 0, 0, 26, 11, 82
"d:\BOA\Dev\jirama\src\main\java\com\boa\api\security\SpringSecurityAuditorAware.java", "Java", 0, 0, 0, 0, 0, 0, 0, 12, 0, 0, 3, 6, 21
"d:\BOA\Dev\jirama\src\main\java\com\boa\api\security\UserNotActivatedException.java", "Java", 0, 0, 0, 0, 0, 0, 0, 11, 0, 0, 3, 6, 20
"d:\BOA\Dev\jirama\src\main\java\com\boa\api\security\jwt\JWTConfigurer.java", "Java", 0, 0, 0, 0, 0, 0, 0, 16, 0, 0, 0, 6, 22
"d:\BOA\Dev\jirama\src\main\java\com\boa\api\security\jwt\JWTFilter.java", "Java", 0, 0, 0, 0, 0, 0, 0, 36, 0, 0, 4, 9, 49
"d:\BOA\Dev\jirama\src\main\java\com\boa\api\security\jwt\TokenProvider.java", "Java", 0, 0, 0, 0, 0, 0, 0, 90, 0, 0, 0, 21, 111
"d:\BOA\Dev\jirama\src\main\java\com\boa\api\security\package-info.java", "Java", 0, 0, 0, 0, 0, 0, 0, 1, 0, 0, 3, 1, 5
"d:\BOA\Dev\jirama\src\main\java\com\boa\api\service\ApiService.java", "Java", 0, 0, 0, 0, 0, 0, 0, 1501, 0, 0, 123, 205, 1829
"d:\BOA\Dev\jirama\src\main\java\com\boa\api\service\AuditEventService.java", "Java", 0, 0, 0, 0, 0, 0, 0, 51, 0, 0, 10, 14, 75
"d:\BOA\Dev\jirama\src\main\java\com\boa\api\service\BillerTService.java", "Java", 0, 0, 0, 0, 0, 0, 0, 41, 0, 0, 25, 14, 80
"d:\BOA\Dev\jirama\src\main\java\com\boa\api\service\EmailAlreadyUsedException.java", "Java", 0, 0, 0, 0, 0, 0, 0, 6, 0, 0, 0, 4, 10
"d:\BOA\Dev\jirama\src\main\java\com\boa\api\service\InvalidPasswordException.java", "Java", 0, 0, 0, 0, 0, 0, 0, 6, 0, 0, 0, 4, 10
"d:\BOA\Dev\jirama\src\main\java\com\boa\api\service\MailService.java", "Java", 0, 0, 0, 0, 0, 0, 0, 80, 0, 0, 6, 21, 107
"d:\BOA\Dev\jirama\src\main\java\com\boa\api\service\ParamFilialeService.java", "Java", 0, 0, 0, 0, 0, 0, 0, 37, 0, 0, 26, 13, 76
"d:\BOA\Dev\jirama\src\main\java\com\boa\api\service\TrackingService.java", "Java", 0, 0, 0, 0, 0, 0, 0, 36, 0, 0, 25, 13, 74
"d:\BOA\Dev\jirama\src\main\java\com\boa\api\service\TransactionGlobalService.java", "Java", 0, 0, 0, 0, 0, 0, 0, 36, 0, 0, 25, 13, 74
"d:\BOA\Dev\jirama\src\main\java\com\boa\api\service\UserService.java", "Java", 0, 0, 0, 0, 0, 0, 0, 246, 0, 0, 31, 30, 307
"d:\BOA\Dev\jirama\src\main\java\com\boa\api\service\UsernameAlreadyUsedException.java", "Java", 0, 0, 0, 0, 0, 0, 0, 6, 0, 0, 0, 4, 10
"d:\BOA\Dev\jirama\src\main\java\com\boa\api\service\dto\PasswordChangeDTO.java", "Java", 0, 0, 0, 0, 0, 0, 0, 23, 0, 0, 4, 9, 36
"d:\BOA\Dev\jirama\src\main\java\com\boa\api\service\dto\UserDTO.java", "Java", 0, 0, 0, 0, 0, 0, 0, 146, 0, 0, 4, 47, 197
"d:\BOA\Dev\jirama\src\main\java\com\boa\api\service\dto\package-info.java", "Java", 0, 0, 0, 0, 0, 0, 0, 1, 0, 0, 3, 1, 5
"d:\BOA\Dev\jirama\src\main\java\com\boa\api\service\mapper\UserMapper.java", "Java", 0, 0, 0, 0, 0, 0, 0, 62, 0, 0, 6, 14, 82
"d:\BOA\Dev\jirama\src\main\java\com\boa\api\service\mapper\package-info.java", "Java", 0, 0, 0, 0, 0, 0, 0, 1, 0, 0, 3, 1, 5
"d:\BOA\Dev\jirama\src\main\java\com\boa\api\service\package-info.java", "Java", 0, 0, 0, 0, 0, 0, 0, 1, 0, 0, 3, 1, 5
"d:\BOA\Dev\jirama\src\main\java\com\boa\api\service\util\ICodeDescResponse.java", "Java", 0, 0, 0, 0, 0, 0, 0, 35, 0, 0, 7, 6, 48
"d:\BOA\Dev\jirama\src\main\java\com\boa\api\web\rest\AccountResource.java", "Java", 0, 0, 0, 0, 0, 0, 0, 110, 0, 0, 55, 24, 189
"d:\BOA\Dev\jirama\src\main\java\com\boa\api\web\rest\ApiResource.java", "Java", 0, 0, 0, 0, 0, 0, 0, 243, 0, 0, 26, 29, 298
"d:\BOA\Dev\jirama\src\main\java\com\boa\api\web\rest\AuditResource.java", "Java", 0, 0, 0, 0, 0, 0, 0, 47, 0, 0, 23, 13, 83
"d:\BOA\Dev\jirama\src\main\java\com\boa\api\web\rest\BillerTResource.java", "Java", 0, 0, 0, 0, 0, 0, 0, 66, 0, 0, 37, 16, 119
"d:\BOA\Dev\jirama\src\main\java\com\boa\api\web\rest\ParamFilialeResource.java", "Java", 0, 0, 0, 0, 0, 0, 0, 76, 0, 0, 39, 17, 132
"d:\BOA\Dev\jirama\src\main\java\com\boa\api\web\rest\TrackingResource.java", "Java", 0, 0, 0, 0, 0, 0, 0, 68, 0, 0, 37, 17, 122
"d:\BOA\Dev\jirama\src\main\java\com\boa\api\web\rest\TransactionGlobalResource.java", "Java", 0, 0, 0, 0, 0, 0, 0, 66, 0, 0, 37, 16, 119
"d:\BOA\Dev\jirama\src\main\java\com\boa\api\web\rest\UserJWTController.java", "Java", 0, 0, 0, 0, 0, 0, 0, 99, 0, 0, 21, 27, 147
"d:\BOA\Dev\jirama\src\main\java\com\boa\api\web\rest\UserResource.java", "Java", 0, 0, 0, 0, 0, 0, 0, 105, 0, 0, 67, 21, 193
"d:\BOA\Dev\jirama\src\main\java\com\boa\api\web\rest\errors\BadRequestAlertException.java", "Java", 0, 0, 0, 0, 0, 0, 0, 31, 0, 0, 0, 12, 43
"d:\BOA\Dev\jirama\src\main\java\com\boa\api\web\rest\errors\EmailAlreadyUsedException.java", "Java", 0, 0, 0, 0, 0, 0, 0, 7, 0, 0, 0, 4, 11
"d:\BOA\Dev\jirama\src\main\java\com\boa\api\web\rest\errors\EmailNotFoundException.java", "Java", 0, 0, 0, 0, 0, 0, 0, 9, 0, 0, 0, 5, 14
"d:\BOA\Dev\jirama\src\main\java\com\boa\api\web\rest\errors\ErrorConstants.java", "Java", 0, 0, 0, 0, 0, 0, 0, 15, 0, 0, 0, 5, 20
"d:\BOA\Dev\jirama\src\main\java\com\boa\api\web\rest\errors\ExceptionTranslator.java", "Java", 0, 0, 0, 0, 0, 0, 0, 102, 0, 0, 7, 16, 125
"d:\BOA\Dev\jirama\src\main\java\com\boa\api\web\rest\errors\FieldErrorVM.java", "Java", 0, 0, 0, 0, 0, 0, 0, 22, 0, 0, 0, 12, 34
"d:\BOA\Dev\jirama\src\main\java\com\boa\api\web\rest\errors\InvalidPasswordException.java", "Java", 0, 0, 0, 0, 0, 0, 0, 9, 0, 0, 0, 5, 14
"d:\BOA\Dev\jirama\src\main\java\com\boa\api\web\rest\errors\LoginAlreadyUsedException.java", "Java", 0, 0, 0, 0, 0, 0, 0, 7, 0, 0, 0, 4, 11
"d:\BOA\Dev\jirama\src\main\java\com\boa\api\web\rest\errors\package-info.java", "Java", 0, 0, 0, 0, 0, 0, 0, 1, 0, 0, 5, 1, 7
"d:\BOA\Dev\jirama\src\main\java\com\boa\api\web\rest\package-info.java", "Java", 0, 0, 0, 0, 0, 0, 0, 1, 0, 0, 3, 1, 5
"d:\BOA\Dev\jirama\src\main\java\com\boa\api\web\rest\vm\KeyAndPasswordVM.java", "Java", 0, 0, 0, 0, 0, 0, 0, 17, 0, 0, 3, 8, 28
"d:\BOA\Dev\jirama\src\main\java\com\boa\api\web\rest\vm\LoginVM.java", "Java", 0, 0, 0, 0, 0, 0, 0, 39, 0, 0, 3, 13, 55
"d:\BOA\Dev\jirama\src\main\java\com\boa\api\web\rest\vm\ManagedUserVM.java", "Java", 0, 0, 0, 0, 0, 0, 0, 21, 0, 0, 4, 10, 35
"d:\BOA\Dev\jirama\src\main\java\com\boa\api\web\rest\vm\package-info.java", "Java", 0, 0, 0, 0, 0, 0, 0, 1, 0, 0, 3, 1, 5
"d:\BOA\Dev\jirama\src\main\jib\entrypoint.sh", "Shell Script", 0, 0, 0, 0, 0, 0, 0, 0, 0, 2, 1, 2, 5
"d:\BOA\Dev\jirama\src\main\resources\config\application-dev.yml", "YAML", 0, 0, 0, 0, 0, 0, 0, 0, 85, 0, 32, 9, 126
"d:\BOA\Dev\jirama\src\main\resources\config\application-prod.yml", "YAML", 0, 0, 0, 0, 0, 0, 0, 0, 87, 0, 61, 11, 159
"d:\BOA\Dev\jirama\src\main\resources\config\application-tls.yml", "YAML", 0, 0, 0, 0, 0, 0, 0, 0, 10, 0, 9, 1, 20
"d:\BOA\Dev\jirama\src\main\resources\config\application.yml", "YAML", 0, 0, 0, 0, 0, 0, 0, 0, 105, 0, 42, 9, 156
"d:\BOA\Dev\jirama\src\main\resources\config\liquibase\changelog\00000000000000_initial_schema.xml", "XML", 0, 0, 136, 0, 0, 0, 0, 0, 0, 0, 4, 15, 155
"d:\BOA\Dev\jirama\src\main\resources\config\liquibase\changelog\20191223082611_added_entity_Tracking.xml", "XML", 0, 0, 59, 0, 0, 0, 0, 0, 0, 0, 14, 7, 80
"d:\BOA\Dev\jirama\src\main\resources\config\liquibase\changelog\20191226104128_added_entity_ParamFiliale.xml", "XML", 0, 0, 50, 0, 0, 0, 0, 0, 0, 0, 14, 7, 71
"d:\BOA\Dev\jirama\src\main\resources\config\liquibase\changelog\20200318103714_added_entity_TransactionGlobal.xml", "XML", 0, 0, 96, 0, 0, 0, 0, 0, 0, 0, 14, 7, 117
"d:\BOA\Dev\jirama\src\main\resources\config\liquibase\changelog\20200318103714_added_entity_constraints_TransactionGlobal.xml", "XML", 0, 0, 13, 0, 0, 0, 0, 0, 0, 0, 3, 3, 19
"d:\BOA\Dev\jirama\src\main\resources\config\liquibase\changelog\20200318104650_added_entity_BillerT.xml", "XML", 0, 0, 93, 0, 0, 0, 0, 0, 0, 0, 14, 7, 114
"d:\BOA\Dev\jirama\src\main\resources\config\liquibase\master.xml", "XML", 0, 0, 19, 0, 0, 0, 0, 0, 0, 0, 2, 4, 25
"d:\BOA\Dev\jirama\src\main\resources\i18n\messages.properties", "Properties", 0, 0, 0, 0, 14, 0, 0, 0, 0, 0, 4, 4, 22
"d:\BOA\Dev\jirama\src\main\resources\logback-spring.xml", "XML", 0, 0, 38, 0, 0, 0, 0, 0, 0, 0, 23, 7, 68
"d:\BOA\Dev\jirama\src\main\resources\templates\error.html", "HTML", 0, 0, 0, 0, 0, 0, 75, 0, 0, 0, 0, 13, 88
"d:\BOA\Dev\jirama\src\main\resources\templates\mail\activationEmail.html", "HTML", 0, 0, 0, 0, 0, 0, 25, 0, 0, 0, 0, 1, 26
"d:\BOA\Dev\jirama\src\main\resources\templates\mail\creationEmail.html", "HTML", 0, 0, 0, 0, 0, 0, 25, 0, 0, 0, 0, 1, 26
"d:\BOA\Dev\jirama\src\main\resources\templates\mail\passwordResetEmail.html", "HTML", 0, 0, 0, 0, 0, 0, 25, 0, 0, 0, 0, 1, 26
"d:\BOA\Dev\jirama\src\test\java\com\boa\api\ArchTest.java", "Java", 0, 0, 0, 0, 0, 0, 0, 23, 0, 0, 0, 7, 30
"d:\BOA\Dev\jirama\src\test\java\com\boa\api\config\WebConfigurerTest.java", "Java", 0, 0, 0, 0, 0, 0, 0, 112, 0, 0, 3, 29, 144
"d:\BOA\Dev\jirama\src\test\java\com\boa\api\config\WebConfigurerTestController.java", "Java", 0, 0, 0, 0, 0, 0, 0, 12, 0, 0, 0, 5, 17
"d:\BOA\Dev\jirama\src\test\java\com\boa\api\config\timezone\HibernateTimeZoneIT.java", "Java", 0, 0, 0, 0, 0, 0, 0, 136, 0, 0, 3, 35, 174
"d:\BOA\Dev\jirama\src\test\java\com\boa\api\domain\BillerTTest.java", "Java", 0, 0, 0, 0, 0, 0, 0, 19, 0, 0, 0, 4, 23
"d:\BOA\Dev\jirama\src\test\java\com\boa\api\domain\ParamFilialeTest.java", "Java", 0, 0, 0, 0, 0, 0, 0, 19, 0, 0, 0, 4, 23
"d:\BOA\Dev\jirama\src\test\java\com\boa\api\domain\TrackingTest.java", "Java", 0, 0, 0, 0, 0, 0, 0, 19, 0, 0, 0, 4, 23
"d:\BOA\Dev\jirama\src\test\java\com\boa\api\domain\TransactionGlobalTest.java", "Java", 0, 0, 0, 0, 0, 0, 0, 19, 0, 0, 0, 4, 23
"d:\BOA\Dev\jirama\src\test\java\com\boa\api\repository\CustomAuditEventRepositoryIT.java", "Java", 0, 0, 0, 0, 0, 0, 0, 139, 0, 0, 3, 22, 164
"d:\BOA\Dev\jirama\src\test\java\com\boa\api\repository\timezone\DateTimeWrapper.java", "Java", 0, 0, 0, 0, 0, 0, 0, 101, 0, 0, 0, 32, 133
"d:\BOA\Dev\jirama\src\test\java\com\boa\api\repository\timezone\DateTimeWrapperRepository.java", "Java", 0, 0, 0, 0, 0, 0, 0, 6, 0, 0, 3, 4, 13
"d:\BOA\Dev\jirama\src\test\java\com\boa\api\security\DomainUserDetailsServiceIT.java", "Java", 0, 0, 0, 0, 0, 0, 0, 104, 0, 0, 3, 20, 127
"d:\BOA\Dev\jirama\src\test\java\com\boa\api\security\SecurityUtilsUnitTest.java", "Java", 0, 0, 0, 0, 0, 0, 0, 57, 0, 0, 3, 12, 72
"d:\BOA\Dev\jirama\src\test\java\com\boa\api\security\jwt\JWTFilterTest.java", "Java", 0, 0, 0, 0, 0, 0, 0, 100, 0, 0, 0, 16, 116
"d:\BOA\Dev\jirama\src\test\java\com\boa\api\security\jwt\TokenProviderTest.java", "Java", 0, 0, 0, 0, 0, 0, 0, 82, 0, 0, 0, 28, 110
"d:\BOA\Dev\jirama\src\test\java\com\boa\api\service\AuditEventServiceIT.java", "Java", 0, 0, 0, 0, 0, 0, 0, 56, 0, 0, 3, 17, 76
"d:\BOA\Dev\jirama\src\test\java\com\boa\api\service\MailServiceIT.java", "Java", 0, 0, 0, 0, 0, 0, 0, 212, 0, 0, 7, 27, 246
"d:\BOA\Dev\jirama\src\test\java\com\boa\api\service\UserServiceIT.java", "Java", 0, 0, 0, 0, 0, 0, 0, 165, 0, 0, 3, 35, 203
"d:\BOA\Dev\jirama\src\test\java\com\boa\api\service\mapper\UserMapperTest.java", "Java", 0, 0, 0, 0, 0, 0, 0, 103, 0, 0, 3, 31, 137
"d:\BOA\Dev\jirama\src\test\java\com\boa\api\web\rest\AccountResourceIT.java", "Java", 0, 0, 0, 0, 0, 0, 0, 678, 0, 0, 15, 121, 814
"d:\BOA\Dev\jirama\src\test\java\com\boa\api\web\rest\AuditResourceIT.java", "Java", 0, 0, 0, 0, 0, 0, 0, 122, 0, 0, 14, 29, 165
"d:\BOA\Dev\jirama\src\test\java\com\boa\api\web\rest\BillerTResourceIT.java", "Java", 0, 0, 0, 0, 0, 0, 0, 309, 0, 0, 35, 61, 405
"d:\BOA\Dev\jirama\src\test\java\com\boa\api\web\rest\ParamFilialeResourceIT.java", "Java", 0, 0, 0, 0, 0, 0, 0, 209, 0, 0, 35, 50, 294
"d:\BOA\Dev\jirama\src\test\java\com\boa\api\web\rest\TestUtil.java", "Java", 0, 0, 0, 0, 0, 0, 0, 95, 0, 0, 42, 22, 159
"d:\BOA\Dev\jirama\src\test\java\com\boa\api\web\rest\TrackingResourceIT.java", "Java", 0, 0, 0, 0, 0, 0, 0, 228, 0, 0, 35, 52, 315
"d:\BOA\Dev\jirama\src\test\java\com\boa\api\web\rest\TransactionGlobalResourceIT.java", "Java", 0, 0, 0, 0, 0, 0, 0, 306, 0, 0, 37, 61, 404
"d:\BOA\Dev\jirama\src\test\java\com\boa\api\web\rest\UserJWTControllerIT.java", "Java", 0, 0, 0, 0, 0, 0, 0, 99, 0, 0, 3, 18, 120
"d:\BOA\Dev\jirama\src\test\java\com\boa\api\web\rest\UserResourceIT.java", "Java", 0, 0, 0, 0, 0, 0, 0, 481, 0, 0, 36, 87, 604
"d:\BOA\Dev\jirama\src\test\java\com\boa\api\web\rest\errors\ExceptionTranslatorIT.java", "Java", 0, 0, 0, 0, 0, 0, 0, 104, 0, 0, 3, 19, 126
"d:\BOA\Dev\jirama\src\test\java\com\boa\api\web\rest\errors\ExceptionTranslatorTestController.java", "Java", 0, 0, 0, 0, 0, 0, 0, 54, 0, 0, 0, 18, 72
"d:\BOA\Dev\jirama\src\test\resources\config\application.yml", "YAML", 0, 0, 0, 0, 0, 0, 0, 0, 78, 0, 30, 8, 116
"d:\BOA\Dev\jirama\src\test\resources\i18n\messages_en.properties", "Properties", 0, 0, 0, 0, 1, 0, 0, 0, 0, 0, 0, 1, 2
"d:\BOA\Dev\jirama\src\test\resources\logback.xml", "XML", 0, 0, 37, 0, 0, 0, 0, 0, 0, 0, 0, 7, 44
"d:\BOA\Dev\jirama\src\test\resources\templates\mail\testEmail.html", "HTML", 0, 0, 0, 0, 0, 0, 1, 0, 0, 0, 0, 1, 2
"Total", "-", 11245, 58, 1491, 4, 37, 96, 151, 11159, 456, 2, 1811, 2882, 29392